<?xml version="1.0" encoding="utf-8"?>
<!-- Created by E-Channelizer on 10 paź, 2025 at 20:00 - https://www.echannelizer.com -->
<satellites>
  <sat name="13.0E Hotbird 13F/13G" flags="1" position="130">
    <transponder frequency="10719000" symbol_rate="27500000" polarization="1" fec_inner="3" system="1" modulation="2" />
    <transponder frequency="10727000" symbol_rate="30000000" polarization="0" fec_inner="3" system="1" modulation="2" />
    <transponder frequency="10758000" symbol_rate="27500000" polarization="1" fec_inner="3" system="1" modulation="2" />
    <transponder frequency="10775000" symbol_rate="29900000" polarization="0" fec_inner="2" system="1" modulation="2" />
    <transponder frequency="10796000" symbol_rate="27500000" polarization="1" fec_inner="3" system="1" modulation="2" />
    <transponder frequency="10802000" symbol_rate="7200000" polarization="0" fec_inner="3" system="1" modulation="2" />
    <transponder frequency="10829000" symbol_rate="7200000" polarization="1" fec_inner="3" system="1" modulation="1" />
    <transponder frequency="10853000" symbol_rate="29900000" polarization="0" fec_inner="2" system="1" modulation="2" />
    <transponder frequency="10873000" symbol_rate="27500000" polarization="1" fec_inner="3" system="1" modulation="2" />
    <transponder frequency="10892000" symbol_rate="27500000" polarization="0" fec_inner="3" system="1" modulation="2" />
    <transponder frequency="10911000" symbol_rate="27500000" polarization="1" fec_inner="3" system="1" modulation="2" />
    <transponder frequency="10930000" symbol_rate="30000000" polarization="0" fec_inner="2" system="1" modulation="2" />
    <transponder frequency="10949000" symbol_rate="27500000" polarization="1" fec_inner="2" system="1" modulation="2" />
    <transponder frequency="10971000" symbol_rate="29700000" polarization="0" fec_inner="2" system="1" modulation="2" />
    <transponder frequency="10992000" symbol_rate="27500000" polarization="1" fec_inner="2" system="0" modulation="1" />
    <transponder frequency="11013000" symbol_rate="29900000" polarization="0" fec_inner="3" system="1" modulation="2" />
    <transponder frequency="11034000" symbol_rate="27500000" polarization="1" fec_inner="3" system="0" modulation="1" />
    <transponder frequency="11075000" symbol_rate="30000000" polarization="1" fec_inner="3" system="1" modulation="2" />
    <transponder frequency="11096000" symbol_rate="30000000" polarization="0" fec_inner="2" system="1" modulation="2" />
    <transponder frequency="11117000" symbol_rate="27500000" polarization="1" fec_inner="3" system="1" modulation="2" />
    <transponder frequency="11137000" symbol_rate="27500000" polarization="0" fec_inner="3" system="0" modulation="1" />
    <transponder frequency="11158000" symbol_rate="27500000" polarization="1" fec_inner="3" system="1" modulation="2" />
    <transponder frequency="11179000" symbol_rate="27500000" polarization="0" fec_inner="2" system="1" modulation="2" />
    <transponder frequency="11186000" symbol_rate="7200000" polarization="1" fec_inner="3" system="1" modulation="2" />
    <transponder frequency="11199000" symbol_rate="9600000" polarization="1" fec_inner="3" system="1" modulation="1" />
    <transponder frequency="11211000" symbol_rate="9600000" polarization="1" fec_inner="3" system="1" modulation="1" />
    <transponder frequency="11240000" symbol_rate="27500000" polarization="1" fec_inner="4" system="1" modulation="2" />
    <transponder frequency="11258000" symbol_rate="27500000" polarization="0" fec_inner="3" system="1" modulation="2" />
    <transponder frequency="11278000" symbol_rate="27500000" polarization="1" fec_inner="4" system="1" modulation="2" />
    <transponder frequency="11296000" symbol_rate="27500000" polarization="0" fec_inner="4" system="0" modulation="1" />
    <transponder frequency="11334000" symbol_rate="27500000" polarization="0" fec_inner="3" system="1" modulation="2" />
    <transponder frequency="11373000" symbol_rate="27500000" polarization="0" fec_inner="3" system="1" modulation="2" />
    <transponder frequency="11393000" symbol_rate="27500000" polarization="1" fec_inner="3" system="1" modulation="2" />
    <transponder frequency="11411000" symbol_rate="27500000" polarization="0" fec_inner="4" system="1" modulation="2" />
    <transponder frequency="11432000" symbol_rate="29900000" polarization="1" fec_inner="3" system="1" modulation="2" />
    <transponder frequency="11449000" symbol_rate="27500000" polarization="0" fec_inner="4" system="1" modulation="2" />
    <transponder frequency="11488000" symbol_rate="27500000" polarization="0" fec_inner="4" system="1" modulation="2" />
    <transponder frequency="11508000" symbol_rate="27500000" polarization="1" fec_inner="3" system="1" modulation="2" />
    <transponder frequency="11566000" symbol_rate="29900000" polarization="0" fec_inner="3" system="1" modulation="2" />
    <transponder frequency="11585000" symbol_rate="27500000" polarization="1" fec_inner="4" system="1" modulation="2" />
    <transponder frequency="11610000" symbol_rate="7200000" polarization="1" fec_inner="3" system="1" modulation="2" />
    <transponder frequency="11618000" symbol_rate="7200000" polarization="1" fec_inner="3" system="1" modulation="2" />
    <transponder frequency="11628000" symbol_rate="7200000" polarization="1" fec_inner="3" system="1" modulation="2" />
    <transponder frequency="11640000" symbol_rate="2222000" polarization="1" fec_inner="1" system="0" modulation="1" />
    <transponder frequency="11642000" symbol_rate="27500000" polarization="0" fec_inner="3" system="1" modulation="2" />
    <transponder frequency="11662000" symbol_rate="27500000" polarization="1" fec_inner="2" system="1" modulation="2" />
    <transponder frequency="11681000" symbol_rate="27500000" polarization="0" fec_inner="3" system="1" modulation="2" />
    <transponder frequency="11727000" symbol_rate="29900000" polarization="1" fec_inner="3" system="1" modulation="2" />
    <transponder frequency="11747000" symbol_rate="27500000" polarization="0" fec_inner="3" system="1" modulation="2" />
    <transponder frequency="11766000" symbol_rate="29900000" polarization="1" fec_inner="3" system="1" modulation="2" />
    <transponder frequency="11785000" symbol_rate="27500000" polarization="0" fec_inner="3" system="1" modulation="2" />
    <transponder frequency="11804000" symbol_rate="30000000" polarization="1" fec_inner="4" system="1" modulation="2" />
    <transponder frequency="11823000" symbol_rate="27500000" polarization="0" fec_inner="3" system="1" modulation="2" />
    <transponder frequency="11843000" symbol_rate="29900000" polarization="1" fec_inner="3" system="1" modulation="2" />
    <transponder frequency="11862000" symbol_rate="29900000" polarization="0" fec_inner="4" system="1" modulation="1" />
    <transponder frequency="11881000" symbol_rate="27500000" polarization="1" fec_inner="3" system="0" modulation="1" />
    <transponder frequency="11900000" symbol_rate="27500000" polarization="0" fec_inner="3" system="1" modulation="2" />
    <transponder frequency="11919000" symbol_rate="29900000" polarization="1" fec_inner="3" system="1" modulation="2" />
    <transponder frequency="11938000" symbol_rate="30000000" polarization="0" fec_inner="4" system="1" modulation="2" />
    <transponder frequency="11958000" symbol_rate="27500000" polarization="1" fec_inner="3" system="0" modulation="1" />
    <transponder frequency="11977000" symbol_rate="29900000" polarization="0" fec_inner="3" system="1" modulation="2" />
    <transponder frequency="11996000" symbol_rate="29900000" polarization="1" fec_inner="4" system="1" modulation="1" />
    <transponder frequency="12015000" symbol_rate="27500000" polarization="0" fec_inner="3" system="1" modulation="2" />
    <transponder frequency="12034000" symbol_rate="29900000" polarization="1" fec_inner="3" system="1" modulation="2" />
    <transponder frequency="12054000" symbol_rate="29900000" polarization="0" fec_inner="4" system="1" modulation="1" />
    <transponder frequency="12073000" symbol_rate="29900000" polarization="1" fec_inner="3" system="1" modulation="2" />
    <transponder frequency="12111000" symbol_rate="27500000" polarization="1" fec_inner="3" system="0" modulation="1" />
    <transponder frequency="12130000" symbol_rate="30000000" polarization="0" fec_inner="4" system="1" modulation="2" />
    <transponder frequency="12149000" symbol_rate="27500000" polarization="1" fec_inner="3" system="0" modulation="1" />
    <transponder frequency="12169000" symbol_rate="30000000" polarization="0" fec_inner="4" system="1" modulation="2" />
    <transponder frequency="12188000" symbol_rate="27500000" polarization="1" fec_inner="3" system="1" modulation="2" />
    <transponder frequency="12265000" symbol_rate="27500000" polarization="1" fec_inner="3" system="1" modulation="2" />
    <transponder frequency="12284000" symbol_rate="27500000" polarization="0" fec_inner="3" system="1" modulation="2" />
    <transponder frequency="12303000" symbol_rate="27500000" polarization="1" fec_inner="3" system="1" modulation="2" />
    <transponder frequency="12322000" symbol_rate="27500000" polarization="0" fec_inner="3" system="0" modulation="1" />
    <transponder frequency="12341000" symbol_rate="29900000" polarization="1" fec_inner="4" system="1" modulation="1" />
    <transponder frequency="12380000" symbol_rate="30000000" polarization="1" fec_inner="4" system="1" modulation="2" />
    <transponder frequency="12399000" symbol_rate="29700000" polarization="0" fec_inner="2" system="1" modulation="2" />
    <transponder frequency="12418000" symbol_rate="29900000" polarization="1" fec_inner="3" system="1" modulation="2" />
    <transponder frequency="12437000" symbol_rate="27500000" polarization="0" fec_inner="3" system="1" modulation="2" />
    <transponder frequency="12466000" symbol_rate="29900000" polarization="1" fec_inner="3" system="1" modulation="2" />
    <transponder frequency="12476000" symbol_rate="29900000" polarization="0" fec_inner="3" system="1" modulation="2" />
    <transponder frequency="12520000" symbol_rate="27500000" polarization="1" fec_inner="2" system="1" modulation="2" />
    <transponder frequency="12558000" symbol_rate="27500000" polarization="1" fec_inner="4" system="1" modulation="2" />
    <transponder frequency="12577000" symbol_rate="27500000" polarization="0" fec_inner="3" system="1" modulation="2" />
    <transponder frequency="12583000" symbol_rate="7120000" polarization="1" fec_inner="3" system="1" modulation="2" />
    <transponder frequency="12592000" symbol_rate="7120000" polarization="1" fec_inner="3" system="1" modulation="2" />
    <transponder frequency="12598000" symbol_rate="3674000" polarization="1" fec_inner="3" system="1" modulation="2" />
    <transponder frequency="12603000" symbol_rate="3674000" polarization="1" fec_inner="3" system="1" modulation="2" />
    <transponder frequency="12616000" symbol_rate="30000000" polarization="0" fec_inner="4" system="1" modulation="2" />
    <transponder frequency="12635000" symbol_rate="30000000" polarization="1" fec_inner="4" system="1" modulation="2" />
    <transponder frequency="12654000" symbol_rate="30000000" polarization="0" fec_inner="4" system="1" modulation="2" />
    <transponder frequency="12673000" symbol_rate="30000000" polarization="1" fec_inner="4" system="1" modulation="2" />
    <transponder frequency="12692000" symbol_rate="27500000" polarization="0" fec_inner="3" system="1" modulation="2" />
    <transponder frequency="12713000" symbol_rate="30000000" polarization="1" fec_inner="4" system="1" modulation="2" />
    <transponder frequency="12731000" symbol_rate="30000000" polarization="0" fec_inner="4" system="1" modulation="2" />
  </sat>
  <sat name="19.2E Astra 1KR/1M/1N/1P" flags="1" position="192">
    <transponder frequency="10758000" symbol_rate="22000000" polarization="1" fec_inner="2" system="1" modulation="2" />
    <transponder frequency="10773000" symbol_rate="22000000" polarization="0" fec_inner="3" system="1" modulation="2" />
    <transponder frequency="10788000" symbol_rate="22000000" polarization="1" fec_inner="4" system="0" modulation="1" />
    <transponder frequency="10803000" symbol_rate="22000000" polarization="0" fec_inner="3" system="1" modulation="2" />
    <transponder frequency="10818000" symbol_rate="22000000" polarization="1" fec_inner="2" system="1" modulation="2" />
    <transponder frequency="10832000" symbol_rate="22000000" polarization="0" fec_inner="2" system="1" modulation="2" />
    <transponder frequency="10847000" symbol_rate="22000000" polarization="1" fec_inner="4" system="0" modulation="1" />
    <transponder frequency="10876000" symbol_rate="22000000" polarization="1" fec_inner="4" system="0" modulation="1" />
    <transponder frequency="10891000" symbol_rate="22000000" polarization="0" fec_inner="2" system="1" modulation="2" />
    <transponder frequency="10906000" symbol_rate="22000000" polarization="1" fec_inner="2" system="1" modulation="2" />
    <transponder frequency="10921000" symbol_rate="22000000" polarization="0" fec_inner="5" system="0" modulation="1" />
    <transponder frequency="10936000" symbol_rate="22000000" polarization="1" fec_inner="4" system="0" modulation="1" />
    <transponder frequency="10964000" symbol_rate="22000000" polarization="0" fec_inner="2" system="1" modulation="2" />
    <transponder frequency="10979000" symbol_rate="22000000" polarization="1" fec_inner="4" system="0" modulation="1" />
    <transponder frequency="10994000" symbol_rate="22000000" polarization="0" fec_inner="4" system="1" modulation="2" />
    <transponder frequency="11009000" symbol_rate="23500000" polarization="1" fec_inner="3" system="1" modulation="2" />
    <transponder frequency="11038000" symbol_rate="22000000" polarization="1" fec_inner="4" system="0" modulation="1" />
    <transponder frequency="11053000" symbol_rate="22000000" polarization="0" fec_inner="2" system="1" modulation="2" />
    <transponder frequency="11068000" symbol_rate="22000000" polarization="1" fec_inner="4" system="0" modulation="1" />
    <transponder frequency="11082000" symbol_rate="22000000" polarization="0" fec_inner="3" system="1" modulation="2" />
    <transponder frequency="11097000" symbol_rate="22000000" polarization="1" fec_inner="4" system="0" modulation="1" />
    <transponder frequency="11112000" symbol_rate="22000000" polarization="0" fec_inner="2" system="1" modulation="2" />
    <transponder frequency="11127000" symbol_rate="22000000" polarization="1" fec_inner="4" system="0" modulation="1" />
    <transponder frequency="11156000" symbol_rate="22000000" polarization="1" fec_inner="4" system="0" modulation="1" />
    <transponder frequency="11186000" symbol_rate="22000000" polarization="1" fec_inner="2" system="1" modulation="2" />
    <transponder frequency="11208000" symbol_rate="7200000" polarization="0" fec_inner="3" system="1" modulation="4" />
    <transponder frequency="11221000" symbol_rate="7200000" polarization="0" fec_inner="3" system="1" modulation="2" />
    <transponder frequency="11229000" symbol_rate="22000000" polarization="1" fec_inner="2" system="1" modulation="2" />
    <transponder frequency="11244000" symbol_rate="22000000" polarization="0" fec_inner="4" system="0" modulation="1" />
    <transponder frequency="11259000" symbol_rate="22000000" polarization="1" fec_inner="2" system="1" modulation="2" />
    <transponder frequency="11273000" symbol_rate="22000000" polarization="0" fec_inner="2" system="1" modulation="2" />
    <transponder frequency="11288000" symbol_rate="22000000" polarization="1" fec_inner="2" system="1" modulation="2" />
    <transponder frequency="11303000" symbol_rate="22000000" polarization="0" fec_inner="2" system="1" modulation="2" />
    <transponder frequency="11318000" symbol_rate="22000000" polarization="1" fec_inner="4" system="0" modulation="1" />
    <transponder frequency="11324000" symbol_rate="7200000" polarization="0" fec_inner="3" system="1" modulation="2" />
    <transponder frequency="11333000" symbol_rate="4936000" polarization="0" fec_inner="3" system="1" modulation="2" />
    <transponder frequency="11347000" symbol_rate="22000000" polarization="1" fec_inner="2" system="1" modulation="2" />
    <transponder frequency="11362000" symbol_rate="22000000" polarization="0" fec_inner="2" system="1" modulation="2" />
    <transponder frequency="11377000" symbol_rate="22000000" polarization="1" fec_inner="2" system="1" modulation="2" />
    <transponder frequency="11391000" symbol_rate="22000000" polarization="0" fec_inner="4" system="0" modulation="1" />
    <transponder frequency="11406000" symbol_rate="23500000" polarization="1" fec_inner="3" system="1" modulation="2" />
    <transponder frequency="11421000" symbol_rate="22000000" polarization="0" fec_inner="4" system="0" modulation="1" />
    <transponder frequency="11429000" symbol_rate="7200000" polarization="1" fec_inner="3" system="1" modulation="2" />
    <transponder frequency="11442000" symbol_rate="7200000" polarization="1" fec_inner="3" system="1" modulation="2" />
    <transponder frequency="11464000" symbol_rate="22000000" polarization="0" fec_inner="2" system="1" modulation="2" />
    <transponder frequency="11473000" symbol_rate="7500000" polarization="1" fec_inner="3" system="1" modulation="2" />
    <transponder frequency="11486000" symbol_rate="7500000" polarization="1" fec_inner="3" system="1" modulation="2" />
    <transponder frequency="11494000" symbol_rate="22000000" polarization="0" fec_inner="2" system="1" modulation="2" />
    <transponder frequency="11509000" symbol_rate="22000000" polarization="1" fec_inner="4" system="0" modulation="1" />
    <transponder frequency="11523000" symbol_rate="22000000" polarization="0" fec_inner="2" system="1" modulation="2" />
    <transponder frequency="11538000" symbol_rate="22000000" polarization="1" fec_inner="4" system="0" modulation="1" />
    <transponder frequency="11553000" symbol_rate="22000000" polarization="0" fec_inner="2" system="1" modulation="2" />
    <transponder frequency="11561000" symbol_rate="9600000" polarization="1" fec_inner="3" system="1" modulation="2" />
    <transponder frequency="11574000" symbol_rate="7200000" polarization="1" fec_inner="3" system="1" modulation="2" />
    <transponder frequency="11582000" symbol_rate="22000000" polarization="0" fec_inner="2" system="1" modulation="2" />
    <transponder frequency="11587000" symbol_rate="4800000" polarization="1" fec_inner="3" system="1" modulation="2" />
    <transponder frequency="11593000" symbol_rate="4800000" polarization="1" fec_inner="3" system="1" modulation="2" />
    <transponder frequency="11599000" symbol_rate="4800000" polarization="1" fec_inner="3" system="1" modulation="2" />
    <transponder frequency="11605000" symbol_rate="7200000" polarization="0" fec_inner="3" system="1" modulation="2" />
    <transponder frequency="11618000" symbol_rate="9874000" polarization="0" fec_inner="3" system="1" modulation="2" />
    <transponder frequency="11620000" symbol_rate="7200000" polarization="1" fec_inner="3" system="1" modulation="2" />
    <transponder frequency="11633000" symbol_rate="7500000" polarization="1" fec_inner="3" system="1" modulation="2" />
    <transponder frequency="11635000" symbol_rate="7500000" polarization="0" fec_inner="3" system="1" modulation="2" />
    <transponder frequency="11647000" symbol_rate="7200000" polarization="1" fec_inner="3" system="1" modulation="2" />
    <transponder frequency="11648000" symbol_rate="7500000" polarization="0" fec_inner="3" system="1" modulation="2" />
    <transponder frequency="11656000" symbol_rate="7200000" polarization="1" fec_inner="3" system="1" modulation="2" />
    <transponder frequency="11664000" symbol_rate="3600000" polarization="1" fec_inner="3" system="1" modulation="2" />
    <transponder frequency="11671000" symbol_rate="22000000" polarization="0" fec_inner="2" system="1" modulation="2" />
    <transponder frequency="11694000" symbol_rate="940000" polarization="1" fec_inner="1" system="0" modulation="1" />
    <transponder frequency="11695000" symbol_rate="285000" polarization="1" fec_inner="5" system="0" modulation="1" />
    <transponder frequency="11739000" symbol_rate="27500000" polarization="1" fec_inner="3" system="0" modulation="1" />
    <transponder frequency="11758000" symbol_rate="27500000" polarization="0" fec_inner="9" system="1" modulation="1" />
    <transponder frequency="11778000" symbol_rate="29500000" polarization="1" fec_inner="9" system="1" modulation="1" />
    <transponder frequency="11798000" symbol_rate="27500000" polarization="0" fec_inner="9" system="1" modulation="1" />
    <transponder frequency="11817000" symbol_rate="31430000" polarization="1" fec_inner="8" system="1" modulation="4" />
    <transponder frequency="11836000" symbol_rate="27500000" polarization="0" fec_inner="3" system="0" modulation="1" />
    <transponder frequency="11856000" symbol_rate="29700000" polarization="1" fec_inner="2" system="1" modulation="2" />
    <transponder frequency="11895000" symbol_rate="29700000" polarization="1" fec_inner="2" system="1" modulation="2" />
    <transponder frequency="11914000" symbol_rate="27500000" polarization="0" fec_inner="9" system="1" modulation="1" />
    <transponder frequency="11934000" symbol_rate="29700000" polarization="1" fec_inner="2" system="1" modulation="2" />
    <transponder frequency="11954000" symbol_rate="27500000" polarization="0" fec_inner="3" system="0" modulation="1" />
    <transponder frequency="11973000" symbol_rate="27500000" polarization="1" fec_inner="3" system="0" modulation="1" />
    <transponder frequency="11992000" symbol_rate="27500000" polarization="0" fec_inner="9" system="1" modulation="1" />
    <transponder frequency="12012000" symbol_rate="29700000" polarization="1" fec_inner="2" system="1" modulation="2" />
    <transponder frequency="12032000" symbol_rate="27500000" polarization="0" fec_inner="9" system="1" modulation="1" />
    <transponder frequency="12051000" symbol_rate="27500000" polarization="1" fec_inner="3" system="0" modulation="1" />
    <transponder frequency="12090000" symbol_rate="29700000" polarization="1" fec_inner="2" system="1" modulation="2" />
    <transponder frequency="12110000" symbol_rate="27500000" polarization="0" fec_inner="3" system="0" modulation="1" />
    <transponder frequency="12148000" symbol_rate="27500000" polarization="0" fec_inner="3" system="0" modulation="1" />
    <transponder frequency="12168000" symbol_rate="29700000" polarization="1" fec_inner="2" system="1" modulation="2" />
    <transponder frequency="12188000" symbol_rate="27500000" polarization="0" fec_inner="3" system="0" modulation="1" />
    <transponder frequency="12207000" symbol_rate="29700000" polarization="1" fec_inner="2" system="1" modulation="2" />
    <transponder frequency="12226000" symbol_rate="27500000" polarization="0" fec_inner="3" system="0" modulation="1" />
    <transponder frequency="12285000" symbol_rate="29700000" polarization="1" fec_inner="2" system="1" modulation="2" />
    <transponder frequency="12304000" symbol_rate="27500000" polarization="0" fec_inner="9" system="1" modulation="1" />
    <transponder frequency="12324000" symbol_rate="29700000" polarization="1" fec_inner="2" system="1" modulation="2" />
    <transponder frequency="12344000" symbol_rate="27500000" polarization="0" fec_inner="9" system="1" modulation="1" />
    <transponder frequency="12363000" symbol_rate="27500000" polarization="1" fec_inner="3" system="0" modulation="1" />
    <transponder frequency="12382000" symbol_rate="27500000" polarization="0" fec_inner="3" system="1" modulation="2" />
    <transponder frequency="12402000" symbol_rate="29700000" polarization="1" fec_inner="2" system="1" modulation="2" />
    <transponder frequency="12422000" symbol_rate="27500000" polarization="0" fec_inner="3" system="0" modulation="1" />
    <transponder frequency="12460000" symbol_rate="27500000" polarization="0" fec_inner="3" system="0" modulation="1" />
    <transponder frequency="12480000" symbol_rate="27500000" polarization="1" fec_inner="3" system="0" modulation="1" />
    <transponder frequency="12515000" symbol_rate="22000000" polarization="0" fec_inner="4" system="0" modulation="1" />
    <transponder frequency="12545000" symbol_rate="22000000" polarization="0" fec_inner="4" system="0" modulation="1" />
    <transponder frequency="12552000" symbol_rate="22000000" polarization="1" fec_inner="4" system="0" modulation="1" />
    <transponder frequency="12574000" symbol_rate="22000000" polarization="0" fec_inner="2" system="1" modulation="2" />
    <transponder frequency="12604000" symbol_rate="22000000" polarization="0" fec_inner="4" system="0" modulation="1" />
    <transponder frequency="12610000" symbol_rate="22000000" polarization="1" fec_inner="3" system="1" modulation="2" />
    <transponder frequency="12633000" symbol_rate="22000000" polarization="0" fec_inner="4" system="0" modulation="1" />
    <transponder frequency="12640000" symbol_rate="23500000" polarization="1" fec_inner="3" system="1" modulation="2" />
    <transponder frequency="12663000" symbol_rate="22000000" polarization="0" fec_inner="4" system="0" modulation="1" />
    <transponder frequency="12670000" symbol_rate="23500000" polarization="1" fec_inner="3" system="1" modulation="2" />
    <transponder frequency="12728000" symbol_rate="23500000" polarization="1" fec_inner="2" system="1" modulation="2" />
  </sat>
</satellites>